domain,doc_id,url,exact_in_robots
property_rights,354224,https://indiankanoon.org/doc/354224/,no
property_rights,1879190,https://indiankanoon.org/doc/1879190/,no
property_rights,80042,https://indiankanoon.org/doc/80042/,no
property_rights,221518,https://indiankanoon.org/doc/221518/,no
property_rights,613871,https://indiankanoon.org/doc/613871/,no
property_rights,1634925,https://indiankanoon.org/doc/1634925/,no
property_rights,1768154,https://indiankanoon.org/doc/1768154/,no
property_rights,85586,https://indiankanoon.org/doc/85586/,no
property_rights,1223371,https://indiankanoon.org/doc/1223371/,no
property_rights,170521216,https://indiankanoon.org/doc/170521216/,no
property_rights,237570,https://indiankanoon.org/doc/237570/,no
property_rights,1369261,https://indiankanoon.org/doc/1369261/,no
cybercrime_laws,789969,https://indiankanoon.org/doc/789969/,no
property_rights,301194,https://indiankanoon.org/doc/301194/,no
property_rights,1353758,https://indiankanoon.org/doc/1353758/,no
property_rights,1317393,https://indiankanoon.org/doc/1317393/,no
property_rights,938899,https://indiankanoon.org/doc/938899/,no
property_rights,515323,https://indiankanoon.org/doc/515323/,no
property_rights,1153878,https://indiankanoon.org/doc/1153878/,no
property_rights,1113485,https://indiankanoon.org/doc/1113485/,no
property_rights,1172174,https://indiankanoon.org/doc/1172174/,no
property_rights,99622088,https://indiankanoon.org/doc/99622088/,no
property_rights,1151186,https://indiankanoon.org/doc/1151186/,no
property_rights,29295224,https://indiankanoon.org/doc/29295224/,no
property_rights,109322779,https://indiankanoon.org/doc/109322779/,no
property_rights,547266,https://indiankanoon.org/doc/547266/,no
property_rights,1853142,https://indiankanoon.org/doc/1853142/,no
property_rights,117655670,https://indiankanoon.org/doc/117655670/,no
property_rights,34300021,https://indiankanoon.org/doc/34300021/,no
property_rights,569629,https://indiankanoon.org/doc/569629/,no
property_rights,1054471,https://indiankanoon.org/doc/1054471/,no
property_rights,94477507,https://indiankanoon.org/doc/94477507/,no
property_rights,80896406,https://indiankanoon.org/doc/80896406/,no
property_rights,119689183,https://indiankanoon.org/doc/119689183/,no
property_rights,598874,https://indiankanoon.org/doc/598874/,no
property_rights,199952089,https://indiankanoon.org/doc/199952089/,no
property_rights,1026163,https://indiankanoon.org/doc/1026163/,no
property_rights,1549108,https://indiankanoon.org/doc/1549108/,no
property_rights,1832909,https://indiankanoon.org/doc/1832909/,no
property_rights,772855,https://indiankanoon.org/doc/772855/,no
property_rights,392129,https://indiankanoon.org/doc/392129/,no
property_rights,1105235,https://indiankanoon.org/doc/1105235/,no
property_rights,105961750,https://indiankanoon.org/doc/105961750/,no
property_rights,167005194,https://indiankanoon.org/doc/167005194/,no
property_rights,52028,https://indiankanoon.org/doc/52028/,no
property_rights,144094123,https://indiankanoon.org/doc/144094123/,no
property_rights,22584916,https://indiankanoon.org/doc/22584916/,no
property_rights,162636106,https://indiankanoon.org/doc/162636106/,no
property_rights,145802579,https://indiankanoon.org/doc/145802579/,no
property_rights,170891220,https://indiankanoon.org/doc/170891220/,no
property_rights,199960465,https://indiankanoon.org/doc/199960465/,no
property_rights,77046585,https://indiankanoon.org/doc/77046585/,no
property_rights,185464130,https://indiankanoon.org/doc/185464130/,no
property_rights,1489134,https://indiankanoon.org/doc/1489134/,no
property_rights,3482533,https://indiankanoon.org/doc/3482533/,no
property_rights,1345438,https://indiankanoon.org/doc/1345438/,no
property_rights,1693670,https://indiankanoon.org/doc/1693670/,no
property_rights,584197,https://indiankanoon.org/doc/584197/,no
property_rights,149328,https://indiankanoon.org/doc/149328/,no
property_rights,324708,https://indiankanoon.org/doc/324708/,no
property_rights,24975403,https://indiankanoon.org/doc/24975403/,no
property_rights,907595,https://indiankanoon.org/doc/907595/,no
property_rights,1625086,https://indiankanoon.org/doc/1625086/,no
property_rights,72595235,https://indiankanoon.org/doc/72595235/,no
property_rights,870157,https://indiankanoon.org/doc/870157/,no
property_rights,1296130,https://indiankanoon.org/doc/1296130/,no
property_rights,187154176,https://indiankanoon.org/doc/187154176/,no
property_rights,1064891,https://indiankanoon.org/doc/1064891/,no
property_rights,1269771,https://indiankanoon.org/doc/1269771/,no
property_rights,1601260,https://indiankanoon.org/doc/1601260/,no
property_rights,1906948,https://indiankanoon.org/doc/1906948/,no
property_rights,1243615,https://indiankanoon.org/doc/1243615/,no
property_rights,1577485,https://indiankanoon.org/doc/1577485/,no
property_rights,313181,https://indiankanoon.org/doc/313181/,no
property_rights,838599,https://indiankanoon.org/doc/838599/,no
property_rights,51153749,https://indiankanoon.org/doc/51153749/,no
property_rights,511962,https://indiankanoon.org/doc/511962/,no
property_rights,198934,https://indiankanoon.org/doc/198934/,no
property_rights,874420,https://indiankanoon.org/doc/874420/,no
property_rights,759043,https://indiankanoon.org/doc/759043/,no
property_rights,18042,https://indiankanoon.org/doc/18042/,no
property_rights,1473261,https://indiankanoon.org/doc/1473261/,no
property_rights,91595011,https://indiankanoon.org/doc/91595011/,no
property_rights,98169561,https://indiankanoon.org/doc/98169561/,no
property_rights,363815,https://indiankanoon.org/doc/363815/,no
property_rights,1699784,https://indiankanoon.org/doc/1699784/,no
property_rights,975992,https://indiankanoon.org/doc/975992/,no
property_rights,88482064,https://indiankanoon.org/doc/88482064/,no
property_rights,59657876,https://indiankanoon.org/doc/59657876/,no
property_rights,1543285,https://indiankanoon.org/doc/1543285/,no
property_rights,87985652,https://indiankanoon.org/doc/87985652/,no
property_rights,1693310,https://indiankanoon.org/doc/1693310/,no
property_rights,1828002,https://indiankanoon.org/doc/1828002/,no
property_rights,1158507,https://indiankanoon.org/doc/1158507/,no
property_rights,1144731,https://indiankanoon.org/doc/1144731/,no
property_rights,526339,https://indiankanoon.org/doc/526339/,no
property_rights,133044387,https://indiankanoon.org/doc/133044387/,no
property_rights,1789611,https://indiankanoon.org/doc/1789611/,no
property_rights,79945213,https://indiankanoon.org/doc/79945213/,no
property_rights,1582713,https://indiankanoon.org/doc/1582713/,no
property_rights,1863270,https://indiankanoon.org/doc/1863270/,no
property_rights,1577160,https://indiankanoon.org/doc/1577160/,no
property_rights,1728726,https://indiankanoon.org/doc/1728726/,no
property_rights,1692328,https://indiankanoon.org/doc/1692328/,no
property_rights,170098957,https://indiankanoon.org/doc/170098957/,no
property_rights,194561470,https://indiankanoon.org/doc/194561470/,no
property_rights,529047,https://indiankanoon.org/doc/529047/,no
property_rights,1159099,https://indiankanoon.org/doc/1159099/,no
property_rights,1711998,https://indiankanoon.org/doc/1711998/,no
property_rights,32811487,https://indiankanoon.org/doc/32811487/,no
property_rights,46863673,https://indiankanoon.org/doc/46863673/,no
property_rights,1076997,https://indiankanoon.org/doc/1076997/,no
property_rights,849616,https://indiankanoon.org/doc/849616/,no
property_rights,213340,https://indiankanoon.org/doc/213340/,no
property_rights,164038868,https://indiankanoon.org/doc/164038868/,no
property_rights,288997,https://indiankanoon.org/doc/288997/,no
property_rights,133190430,https://indiankanoon.org/doc/133190430/,no
property_rights,124606142,https://indiankanoon.org/doc/124606142/,no
property_rights,251353,https://indiankanoon.org/doc/251353/,no
property_rights,139118497,https://indiankanoon.org/doc/139118497/,no
property_rights,130835646,https://indiankanoon.org/doc/130835646/,no
property_rights,69542729,https://indiankanoon.org/doc/69542729/,no
property_rights,54544239,https://indiankanoon.org/doc/54544239/,no
property_rights,96085858,https://indiankanoon.org/doc/96085858/,no
property_rights,21713401,https://indiankanoon.org/doc/21713401/,no
property_rights,104763396,https://indiankanoon.org/doc/104763396/,no
property_rights,51906627,https://indiankanoon.org/doc/51906627/,no
property_rights,28740054,https://indiankanoon.org/doc/28740054/,no
property_rights,82084445,https://indiankanoon.org/doc/82084445/,no
property_rights,37313227,https://indiankanoon.org/doc/37313227/,no
property_rights,98853113,https://indiankanoon.org/doc/98853113/,no
property_rights,1120139,https://indiankanoon.org/doc/1120139/,no
property_rights,803172,https://indiankanoon.org/doc/803172/,no
property_rights,1480466,https://indiankanoon.org/doc/1480466/,no
property_rights,1824281,https://indiankanoon.org/doc/1824281/,no
property_rights,397599,https://indiankanoon.org/doc/397599/,no
property_rights,107503577,https://indiankanoon.org/doc/107503577/,no
property_rights,225447,https://indiankanoon.org/doc/225447/,no
property_rights,680600,https://indiankanoon.org/doc/680600/,no
property_rights,72126677,https://indiankanoon.org/doc/72126677/,no
cybercrime_laws,139318141,https://indiankanoon.org/doc/139318141/,no
cybercrime_laws,157003932,https://indiankanoon.org/doc/157003932/,no
cybercrime_laws,136280608,https://indiankanoon.org/doc/136280608/,no
cybercrime_laws,147390199,https://indiankanoon.org/doc/147390199/,no
cybercrime_laws,56699948,https://indiankanoon.org/doc/56699948/,no
cybercrime_laws,68207149,https://indiankanoon.org/doc/68207149/,no
cybercrime_laws,71199828,https://indiankanoon.org/doc/71199828/,no
cybercrime_laws,59897051,https://indiankanoon.org/doc/59897051/,no
cybercrime_laws,101865435,https://indiankanoon.org/doc/101865435/,no
cybercrime_laws,128274054,https://indiankanoon.org/doc/128274054/,no
cybercrime_laws,36272070,https://indiankanoon.org/doc/36272070/,no
cybercrime_laws,173972362,https://indiankanoon.org/doc/173972362/,no
cybercrime_laws,114497915,https://indiankanoon.org/doc/114497915/,no
cybercrime_laws,187064597,https://indiankanoon.org/doc/187064597/,no
cybercrime_laws,98223685,https://indiankanoon.org/doc/98223685/,no
cybercrime_laws,168068781,https://indiankanoon.org/doc/168068781/,no
cybercrime_laws,132743320,https://indiankanoon.org/doc/132743320/,no
cybercrime_laws,113775404,https://indiankanoon.org/doc/113775404/,no
cybercrime_laws,80271632,https://indiankanoon.org/doc/80271632/,no
cybercrime_laws,113138773,https://indiankanoon.org/doc/113138773/,no
cybercrime_laws,172915181,https://indiankanoon.org/doc/172915181/,no
cybercrime_laws,135883640,https://indiankanoon.org/doc/135883640/,no
cybercrime_laws,43741476,https://indiankanoon.org/doc/43741476/,no
cybercrime_laws,179410258,https://indiankanoon.org/doc/179410258/,no
cybercrime_laws,51287776,https://indiankanoon.org/doc/51287776/,no
cybercrime_laws,174276637,https://indiankanoon.org/doc/174276637/,no
cybercrime_laws,71479511,https://indiankanoon.org/doc/71479511/,no
cybercrime_laws,42573768,https://indiankanoon.org/doc/42573768/,no
cybercrime_laws,97881509,https://indiankanoon.org/doc/97881509/,no
cybercrime_laws,17071886,https://indiankanoon.org/doc/17071886/,no
cybercrime_laws,2710325,https://indiankanoon.org/doc/2710325/,no
cybercrime_laws,42228674,https://indiankanoon.org/doc/42228674/,no
cybercrime_laws,87916970,https://indiankanoon.org/doc/87916970/,no
cybercrime_laws,50068052,https://indiankanoon.org/doc/50068052/,no
cybercrime_laws,174204263,https://indiankanoon.org/doc/174204263/,no
cybercrime_laws,172759716,https://indiankanoon.org/doc/172759716/,no
cybercrime_laws,137485518,https://indiankanoon.org/doc/137485518/,no
cybercrime_laws,94188064,https://indiankanoon.org/doc/94188064/,no
cybercrime_laws,60394627,https://indiankanoon.org/doc/60394627/,no
cybercrime_laws,154957176,https://indiankanoon.org/doc/154957176/,no
cybercrime_laws,1127741,https://indiankanoon.org/doc/1127741/,no
cybercrime_laws,1569253,https://indiankanoon.org/doc/1569253/,no
cybercrime_laws,545792,https://indiankanoon.org/doc/545792/,no
cybercrime_laws,1277726,https://indiankanoon.org/doc/1277726/,no
cybercrime_laws,1318767,https://indiankanoon.org/doc/1318767/,no
cybercrime_laws,1965344,https://indiankanoon.org/doc/1965344/,no
cybercrime_laws,326206,https://indiankanoon.org/doc/326206/,no
cybercrime_laws,1745798,https://indiankanoon.org/doc/1745798/,no
cybercrime_laws,1031309,https://indiankanoon.org/doc/1031309/,no
cybercrime_laws,1953529,https://indiankanoon.org/doc/1953529/,no
cybercrime_laws,1025384,https://indiankanoon.org/doc/1025384/,no
cybercrime_laws,1053937,https://indiankanoon.org/doc/1053937/,no
cybercrime_laws,770022,https://indiankanoon.org/doc/770022/,no
cybercrime_laws,1477060,https://indiankanoon.org/doc/1477060/,no
cybercrime_laws,150327236,https://indiankanoon.org/doc/150327236/,no
cybercrime_laws,1389751,https://indiankanoon.org/doc/1389751/,no
cybercrime_laws,1962230,https://indiankanoon.org/doc/1962230/,no
cybercrime_laws,1865820,https://indiankanoon.org/doc/1865820/,no
cybercrime_laws,1040076,https://indiankanoon.org/doc/1040076/,no
cybercrime_laws,1514290,https://indiankanoon.org/doc/1514290/,no
cybercrime_laws,1735825,https://indiankanoon.org/doc/1735825/,no
cybercrime_laws,1774397,https://indiankanoon.org/doc/1774397/,no
cybercrime_laws,993519,https://indiankanoon.org/doc/993519/,no
cybercrime_laws,940650,https://indiankanoon.org/doc/940650/,no
cybercrime_laws,70981105,https://indiankanoon.org/doc/70981105/,no
cybercrime_laws,52491729,https://indiankanoon.org/doc/52491729/,no
cybercrime_laws,196894795,https://indiankanoon.org/doc/196894795/,no
cybercrime_laws,116355009,https://indiankanoon.org/doc/116355009/,no
cybercrime_laws,192504406,https://indiankanoon.org/doc/192504406/,no
cybercrime_laws,16601408,https://indiankanoon.org/doc/16601408/,no
cybercrime_laws,90005566,https://indiankanoon.org/doc/90005566/,no
cybercrime_laws,119536729,https://indiankanoon.org/doc/119536729/,no
cybercrime_laws,29240036,https://indiankanoon.org/doc/29240036/,no
cybercrime_laws,56426617,https://indiankanoon.org/doc/56426617/,no
cybercrime_laws,656947,https://indiankanoon.org/doc/656947/,no
cybercrime_laws,1939811,https://indiankanoon.org/doc/1939811/,no
cybercrime_laws,105489341,https://indiankanoon.org/doc/105489341/,no
cybercrime_laws,51782092,https://indiankanoon.org/doc/51782092/,no
cybercrime_laws,144700479,https://indiankanoon.org/doc/144700479/,no
cybercrime_laws,140793254,https://indiankanoon.org/doc/140793254/,no
cybercrime_laws,3126265,https://indiankanoon.org/doc/3126265/,no
cybercrime_laws,187234253,https://indiankanoon.org/doc/187234253/,no
cybercrime_laws,155770285,https://indiankanoon.org/doc/155770285/,no
cybercrime_laws,10913299,https://indiankanoon.org/doc/10913299/,no
cybercrime_laws,98023179,https://indiankanoon.org/doc/98023179/,no
cybercrime_laws,91314056,https://indiankanoon.org/doc/91314056/,no
cybercrime_laws,478468,https://indiankanoon.org/doc/478468/,no
cybercrime_laws,15440119,https://indiankanoon.org/doc/15440119/,no
cybercrime_laws,39800,https://indiankanoon.org/doc/39800/,no
cybercrime_laws,72646466,https://indiankanoon.org/doc/72646466/,no
cybercrime_laws,147324005,https://indiankanoon.org/doc/147324005/,no
cybercrime_laws,123849383,https://indiankanoon.org/doc/123849383/,no
cybercrime_laws,94022339,https://indiankanoon.org/doc/94022339/,no
cybercrime_laws,23049476,https://indiankanoon.org/doc/23049476/,no
cybercrime_laws,42712175,https://indiankanoon.org/doc/42712175/,no
cybercrime_laws,105881097,https://indiankanoon.org/doc/105881097/,no
cybercrime_laws,49414029,https://indiankanoon.org/doc/49414029/,no
cybercrime_laws,136477519,https://indiankanoon.org/doc/136477519/,no
cybercrime_laws,77044284,https://indiankanoon.org/doc/77044284/,no
cybercrime_laws,171986591,https://indiankanoon.org/doc/171986591/,no
cybercrime_laws,72815254,https://indiankanoon.org/doc/72815254/,no
cybercrime_laws,92009411,https://indiankanoon.org/doc/92009411/,no
cybercrime_laws,186016865,https://indiankanoon.org/doc/186016865/,no
cybercrime_laws,177237839,https://indiankanoon.org/doc/177237839/,no
cybercrime_laws,1997940,https://indiankanoon.org/doc/1997940/,no
cybercrime_laws,161654059,https://indiankanoon.org/doc/161654059/,no
cybercrime_laws,173897744,https://indiankanoon.org/doc/173897744/,no
cybercrime_laws,8075629,https://indiankanoon.org/doc/8075629/,no
cybercrime_laws,13583100,https://indiankanoon.org/doc/13583100/,no
cybercrime_laws,11008061,https://indiankanoon.org/doc/11008061/,no
cybercrime_laws,114927394,https://indiankanoon.org/doc/114927394/,no
cybercrime_laws,175977239,https://indiankanoon.org/doc/175977239/,no
cybercrime_laws,182773147,https://indiankanoon.org/doc/182773147/,no
cybercrime_laws,1689797,https://indiankanoon.org/doc/1689797/,no
cybercrime_laws,168063795,https://indiankanoon.org/doc/168063795/,no
cybercrime_laws,133859037,https://indiankanoon.org/doc/133859037/,no
cybercrime_laws,179788397,https://indiankanoon.org/doc/179788397/,no
cybercrime_laws,60409774,https://indiankanoon.org/doc/60409774/,no
cybercrime_laws,89335853,https://indiankanoon.org/doc/89335853/,no
cybercrime_laws,140152289,https://indiankanoon.org/doc/140152289/,no
cybercrime_laws,156623649,https://indiankanoon.org/doc/156623649/,no
cybercrime_laws,67427333,https://indiankanoon.org/doc/67427333/,no
cybercrime_laws,119771594,https://indiankanoon.org/doc/119771594/,no
cybercrime_laws,92093399,https://indiankanoon.org/doc/92093399/,no
cybercrime_laws,152889627,https://indiankanoon.org/doc/152889627/,no
cybercrime_laws,185524068,https://indiankanoon.org/doc/185524068/,no
cybercrime_laws,104859936,https://indiankanoon.org/doc/104859936/,no
cybercrime_laws,80878602,https://indiankanoon.org/doc/80878602/,no
cybercrime_laws,88738725,https://indiankanoon.org/doc/88738725/,no
cybercrime_laws,174891197,https://indiankanoon.org/doc/174891197/,no
cybercrime_laws,1901058,https://indiankanoon.org/doc/1901058/,no
cybercrime_laws,53841985,https://indiankanoon.org/doc/53841985/,no
cybercrime_laws,174392444,https://indiankanoon.org/doc/174392444/,no
cybercrime_laws,94053395,https://indiankanoon.org/doc/94053395/,no
cybercrime_laws,99875396,https://indiankanoon.org/doc/99875396/,no
cybercrime_laws,88360982,https://indiankanoon.org/doc/88360982/,no
cybercrime_laws,76965619,https://indiankanoon.org/doc/76965619/,no
cybercrime_laws,63997770,https://indiankanoon.org/doc/63997770/,no
cybercrime_laws,93578593,https://indiankanoon.org/doc/93578593/,no
cybercrime_laws,25299874,https://indiankanoon.org/doc/25299874/,no
cybercrime_laws,156047257,https://indiankanoon.org/doc/156047257/,no
cybercrime_laws,191375057,https://indiankanoon.org/doc/191375057/,no
cybercrime_laws,63084991,https://indiankanoon.org/doc/63084991/,no
cybercrime_laws,10042958,https://indiankanoon.org/doc/10042958/,no
cybercrime_laws,145385598,https://indiankanoon.org/doc/145385598/,no
cybercrime_laws,48345973,https://indiankanoon.org/doc/48345973/,no
cybercrime_laws,125921697,https://indiankanoon.org/doc/125921697/,no
cybercrime_laws,69140917,https://indiankanoon.org/doc/69140917/,no
cybercrime_laws,29097274,https://indiankanoon.org/doc/29097274/,no
cybercrime_laws,84772710,https://indiankanoon.org/doc/84772710/,no
cybercrime_laws,32890712,https://indiankanoon.org/doc/32890712/,no
cybercrime_laws,68413051,https://indiankanoon.org/doc/68413051/,no
cybercrime_laws,187758830,https://indiankanoon.org/doc/187758830/,no
cybercrime_laws,18002127,https://indiankanoon.org/doc/18002127/,no
cybercrime_laws,162211109,https://indiankanoon.org/doc/162211109/,no
cybercrime_laws,31985643,https://indiankanoon.org/doc/31985643/,no
cybercrime_laws,173462846,https://indiankanoon.org/doc/173462846/,no
cybercrime_laws,141233600,https://indiankanoon.org/doc/141233600/,no
cybercrime_laws,42587172,https://indiankanoon.org/doc/42587172/,no
cybercrime_laws,21366357,https://indiankanoon.org/doc/21366357/,no
cybercrime_laws,62956986,https://indiankanoon.org/doc/62956986/,no
cybercrime_laws,118912881,https://indiankanoon.org/doc/118912881/,no
cybercrime_laws,189983249,https://indiankanoon.org/doc/189983249/,no
cybercrime_laws,41057769,https://indiankanoon.org/doc/41057769/,no
cybercrime_laws,118066973,https://indiankanoon.org/doc/118066973/,no
cybercrime_laws,122038159,https://indiankanoon.org/doc/122038159/,no
cybercrime_laws,199937255,https://indiankanoon.org/doc/199937255/,no
cybercrime_laws,173392520,https://indiankanoon.org/doc/173392520/,no
cybercrime_laws,67206162,https://indiankanoon.org/doc/67206162/,no
cybercrime_laws,118696796,https://indiankanoon.org/doc/118696796/,no
cybercrime_laws,125076821,https://indiankanoon.org/doc/125076821/,no
cybercrime_laws,24793122,https://indiankanoon.org/doc/24793122/,no
cybercrime_laws,65481493,https://indiankanoon.org/doc/65481493/,no
cybercrime_laws,15282837,https://indiankanoon.org/doc/15282837/,no
cybercrime_laws,157922480,https://indiankanoon.org/doc/157922480/,no
cybercrime_laws,58848407,https://indiankanoon.org/doc/58848407/,no
