domain,category,title,url,source,expected_type,tags
cybercrime_laws,case_law,Full Document,https://indiankanoon.org/doc/139318141/,indiankanoon,html,cybercrime;legal
cybercrime_laws,case_law,Full Document,https://indiankanoon.org/doc/157003932/,indiankanoon,html,cybercrime;legal
cybercrime_laws,case_law,Full Document,https://indiankanoon.org/doc/136280608/,indiankanoon,html,cybercrime;legal
cybercrime_laws,case_law,Full Document,https://indiankanoon.org/doc/147390199/,indiankanoon,html,cybercrime;legal
cybercrime_laws,case_law,Full Document,https://indiankanoon.org/doc/56699948/,indiankanoon,html,cybercrime;legal
cybercrime_laws,case_law,Full Document,https://indiankanoon.org/doc/68207149/,indiankanoon,html,cybercrime;legal
cybercrime_laws,case_law,Full Document,https://indiankanoon.org/doc/71199828/,indiankanoon,html,cybercrime;legal
cybercrime_laws,case_law,Full Document,https://indiankanoon.org/doc/59897051/,indiankanoon,html,cybercrime;legal
cybercrime_laws,case_law,Full Document,https://indiankanoon.org/doc/101865435/,indiankanoon,html,cybercrime;legal
cybercrime_laws,case_law,Full Document,https://indiankanoon.org/doc/128274054/,indiankanoon,html,cybercrime;legal
cybercrime_laws,case_law,Full Document,https://indiankanoon.org/doc/36272070/,indiankanoon,html,cybercrime;legal
cybercrime_laws,case_law,Full Document,https://indiankanoon.org/doc/173972362/,indiankanoon,html,cybercrime;legal
cybercrime_laws,case_law,Full Document,https://indiankanoon.org/doc/114497915/,indiankanoon,html,cybercrime;legal
cybercrime_laws,case_law,Full Document,https://indiankanoon.org/doc/187064597/,indiankanoon,html,cybercrime;legal
cybercrime_laws,case_law,Full Document,https://indiankanoon.org/doc/98223685/,indiankanoon,html,cybercrime;legal
cybercrime_laws,case_law,Full Document,https://indiankanoon.org/doc/168068781/,indiankanoon,html,cybercrime;legal
cybercrime_laws,case_law,Full Document,https://indiankanoon.org/doc/132743320/,indiankanoon,html,cybercrime;legal
cybercrime_laws,case_law,Full Document,https://indiankanoon.org/doc/113775404/,indiankanoon,html,cybercrime;legal
cybercrime_laws,case_law,Full Document,https://indiankanoon.org/doc/80271632/,indiankanoon,html,cybercrime;legal
cybercrime_laws,case_law,Full Document,https://indiankanoon.org/doc/113138773/,indiankanoon,html,cybercrime;legal
cybercrime_laws,case_law,Full Document,https://indiankanoon.org/doc/172915181/,indiankanoon,html,cybercrime;legal
cybercrime_laws,case_law,Full Document,https://indiankanoon.org/doc/135883640/,indiankanoon,html,cybercrime;legal
cybercrime_laws,case_law,Full Document,https://indiankanoon.org/doc/43741476/,indiankanoon,html,cybercrime;legal
cybercrime_laws,case_law,Full Document,https://indiankanoon.org/doc/179410258/,indiankanoon,html,cybercrime;legal
cybercrime_laws,case_law,Full Document,https://indiankanoon.org/doc/51287776/,indiankanoon,html,cybercrime;legal
cybercrime_laws,case_law,Full Document,https://indiankanoon.org/doc/174276637/,indiankanoon,html,cybercrime;legal
cybercrime_laws,case_law,Full Document,https://indiankanoon.org/doc/71479511/,indiankanoon,html,cybercrime;legal
cybercrime_laws,case_law,Full Document,https://indiankanoon.org/doc/42573768/,indiankanoon,html,cybercrime;legal
cybercrime_laws,case_law,Full Document,https://indiankanoon.org/doc/97881509/,indiankanoon,html,cybercrime;legal
cybercrime_laws,case_law,Full Document,https://indiankanoon.org/doc/17071886/,indiankanoon,html,cybercrime;legal
cybercrime_laws,case_law,Full Document,https://indiankanoon.org/doc/2710325/,indiankanoon,html,cybercrime;legal
cybercrime_laws,case_law,Full Document,https://indiankanoon.org/doc/42228674/,indiankanoon,html,cybercrime;legal
cybercrime_laws,case_law,Full Document,https://indiankanoon.org/doc/87916970/,indiankanoon,html,cybercrime;legal
cybercrime_laws,case_law,Full Document,https://indiankanoon.org/doc/50068052/,indiankanoon,html,cybercrime;legal
cybercrime_laws,case_law,Full Document,https://indiankanoon.org/doc/174204263/,indiankanoon,html,cybercrime;legal
cybercrime_laws,case_law,Full Document,https://indiankanoon.org/doc/172759716/,indiankanoon,html,cybercrime;legal
cybercrime_laws,case_law,Full Document,https://indiankanoon.org/doc/137485518/,indiankanoon,html,cybercrime;legal
cybercrime_laws,case_law,Full Document,https://indiankanoon.org/doc/94188064/,indiankanoon,html,cybercrime;legal
cybercrime_laws,case_law,Full Document,https://indiankanoon.org/doc/60394627/,indiankanoon,html,cybercrime;legal
cybercrime_laws,case_law,Full Document,https://indiankanoon.org/doc/154957176/,indiankanoon,html,cybercrime;legal
cybercrime_laws,case_law,"Section 4 in The Indian Penal Code, 1860",https://indiankanoon.org/doc/1127741/,indiankanoon,html,cybercrime;legal
cybercrime_laws,case_law,Entire Act,https://indiankanoon.org/doc/1569253/,indiankanoon,html,cybercrime;legal
cybercrime_laws,case_law,"Section 2 in The Income Tax Act , 1961",https://indiankanoon.org/doc/545792/,indiankanoon,html,cybercrime;legal
cybercrime_laws,case_law,Entire Act,https://indiankanoon.org/doc/789969/,indiankanoon,html,cybercrime;legal
cybercrime_laws,case_law,"Section 132 in The Income Tax Act , 1961",https://indiankanoon.org/doc/1277726/,indiankanoon,html,cybercrime;legal
cybercrime_laws,case_law,"Section 67 in The Information Technology Act , 2000",https://indiankanoon.org/doc/1318767/,indiankanoon,html,cybercrime;legal
cybercrime_laws,case_law,Entire Act,https://indiankanoon.org/doc/1965344/,indiankanoon,html,cybercrime;legal
cybercrime_laws,case_law,"Section 66 in The Information Technology Act , 2000",https://indiankanoon.org/doc/326206/,indiankanoon,html,cybercrime;legal
cybercrime_laws,case_law,"Section 464 in The Indian Penal Code, 1860",https://indiankanoon.org/doc/1745798/,indiankanoon,html,cybercrime;legal
cybercrime_laws,case_law,"Section 3 in The Indian Evidence Act , 1872",https://indiankanoon.org/doc/1031309/,indiankanoon,html,cybercrime;legal
cybercrime_laws,case_law,Entire Act,https://indiankanoon.org/doc/1953529/,indiankanoon,html,cybercrime;legal
cybercrime_laws,case_law,"Section 45 in The Indian Evidence Act , 1872",https://indiankanoon.org/doc/1025384/,indiankanoon,html,cybercrime;legal
cybercrime_laws,case_law,"Section 466 in The Indian Penal Code, 1860",https://indiankanoon.org/doc/1053937/,indiankanoon,html,cybercrime;legal
cybercrime_laws,case_law,"Section 73 in The Indian Evidence Act , 1872",https://indiankanoon.org/doc/770022/,indiankanoon,html,cybercrime;legal
cybercrime_laws,case_law,"Section 51 in The Information Technology Act , 2000",https://indiankanoon.org/doc/1477060/,indiankanoon,html,cybercrime;legal
cybercrime_laws,case_law,"Section 46 in The Unlawful Activities (Prevention) Act , 1967",https://indiankanoon.org/doc/150327236/,indiankanoon,html,cybercrime;legal
cybercrime_laws,case_law,Entire Act,https://indiankanoon.org/doc/1389751/,indiankanoon,html,cybercrime;legal
cybercrime_laws,case_law,"Section 64 in The Information Technology Act , 2000",https://indiankanoon.org/doc/1962230/,indiankanoon,html,cybercrime;legal
cybercrime_laws,case_law,"Section 55 in The Information Technology Act , 2000",https://indiankanoon.org/doc/1865820/,indiankanoon,html,cybercrime;legal
cybercrime_laws,case_law,"Section 24 in The Information Technology Act , 2000",https://indiankanoon.org/doc/1040076/,indiankanoon,html,cybercrime;legal
cybercrime_laws,case_law,"Section 23 in The Information Technology Act , 2000",https://indiankanoon.org/doc/1514290/,indiankanoon,html,cybercrime;legal
cybercrime_laws,case_law,"Section 91 in The Information Technology Act , 2000",https://indiankanoon.org/doc/1735825/,indiankanoon,html,cybercrime;legal
cybercrime_laws,case_law,"Section 61 in The Information Technology Act , 2000",https://indiankanoon.org/doc/1774397/,indiankanoon,html,cybercrime;legal
cybercrime_laws,case_law,"Section 33 in The Information Technology Act , 2000",https://indiankanoon.org/doc/993519/,indiankanoon,html,cybercrime;legal
cybercrime_laws,case_law,"Section 16 in The Information Technology Act , 2000",https://indiankanoon.org/doc/940650/,indiankanoon,html,cybercrime;legal
cybercrime_laws,case_law,Full Document,https://indiankanoon.org/doc/70981105/,indiankanoon,html,cybercrime;legal
cybercrime_laws,case_law,Full Document,https://indiankanoon.org/doc/52491729/,indiankanoon,html,cybercrime;legal
cybercrime_laws,case_law,Full Document,https://indiankanoon.org/doc/196894795/,indiankanoon,html,cybercrime;legal
cybercrime_laws,case_law,Full Document,https://indiankanoon.org/doc/116355009/,indiankanoon,html,cybercrime;legal
cybercrime_laws,case_law,Full Document,https://indiankanoon.org/doc/192504406/,indiankanoon,html,cybercrime;legal
cybercrime_laws,case_law,Full Document,https://indiankanoon.org/doc/16601408/,indiankanoon,html,cybercrime;legal
cybercrime_laws,case_law,Full Document,https://indiankanoon.org/doc/90005566/,indiankanoon,html,cybercrime;legal
cybercrime_laws,case_law,Full Document,https://indiankanoon.org/doc/119536729/,indiankanoon,html,cybercrime;legal
cybercrime_laws,case_law,Full Document,https://indiankanoon.org/doc/29240036/,indiankanoon,html,cybercrime;legal
cybercrime_laws,case_law,Full Document,https://indiankanoon.org/doc/56426617/,indiankanoon,html,cybercrime;legal
cybercrime_laws,case_law,"Section 2 in The Bihar Value Added Tax Act , 2005",https://indiankanoon.org/doc/656947/,indiankanoon,html,cybercrime;legal
cybercrime_laws,case_law,Entire Act,https://indiankanoon.org/doc/1939811/,indiankanoon,html,cybercrime;legal
cybercrime_laws,case_law,Full Document,https://indiankanoon.org/doc/105489341/,indiankanoon,html,cybercrime;legal
cybercrime_laws,case_law,Full Document,https://indiankanoon.org/doc/51782092/,indiankanoon,html,cybercrime;legal
cybercrime_laws,case_law,Full Document,https://indiankanoon.org/doc/144700479/,indiankanoon,html,cybercrime;legal
cybercrime_laws,case_law,Full Document,https://indiankanoon.org/doc/140793254/,indiankanoon,html,cybercrime;legal
cybercrime_laws,case_law,Full Document,https://indiankanoon.org/doc/3126265/,indiankanoon,html,cybercrime;legal
cybercrime_laws,case_law,Full Document,https://indiankanoon.org/doc/187234253/,indiankanoon,html,cybercrime;legal
cybercrime_laws,case_law,Full Document,https://indiankanoon.org/doc/155770285/,indiankanoon,html,cybercrime;legal
cybercrime_laws,case_law,Full Document,https://indiankanoon.org/doc/10913299/,indiankanoon,html,cybercrime;legal
cybercrime_laws,case_law,Full Document,https://indiankanoon.org/doc/98023179/,indiankanoon,html,cybercrime;legal
cybercrime_laws,case_law,Full Document,https://indiankanoon.org/doc/91314056/,indiankanoon,html,cybercrime;legal
cybercrime_laws,case_law,Full Document,https://indiankanoon.org/doc/478468/,indiankanoon,html,cybercrime;legal
cybercrime_laws,case_law,Full Document,https://indiankanoon.org/doc/15440119/,indiankanoon,html,cybercrime;legal
cybercrime_laws,case_law,"Section 43 in The Information Technology Act , 2000",https://indiankanoon.org/doc/39800/,indiankanoon,html,cybercrime;legal
cybercrime_laws,case_law,Full Document,https://indiankanoon.org/doc/72646466/,indiankanoon,html,cybercrime;legal
cybercrime_laws,case_law,Full Document,https://indiankanoon.org/doc/147324005/,indiankanoon,html,cybercrime;legal
cybercrime_laws,case_law,Full Document,https://indiankanoon.org/doc/123849383/,indiankanoon,html,cybercrime;legal
cybercrime_laws,case_law,Full Document,https://indiankanoon.org/doc/94022339/,indiankanoon,html,cybercrime;legal
cybercrime_laws,case_law,Full Document,https://indiankanoon.org/doc/23049476/,indiankanoon,html,cybercrime;legal
cybercrime_laws,case_law,Full Document,https://indiankanoon.org/doc/42712175/,indiankanoon,html,cybercrime;legal
cybercrime_laws,case_law,Full Document,https://indiankanoon.org/doc/105881097/,indiankanoon,html,cybercrime;legal
cybercrime_laws,case_law,Full Document,https://indiankanoon.org/doc/49414029/,indiankanoon,html,cybercrime;legal
cybercrime_laws,case_law,Full Document,https://indiankanoon.org/doc/136477519/,indiankanoon,html,cybercrime;legal
cybercrime_laws,case_law,Full Document,https://indiankanoon.org/doc/77044284/,indiankanoon,html,cybercrime;legal
cybercrime_laws,case_law,Full Document,https://indiankanoon.org/doc/171986591/,indiankanoon,html,cybercrime;legal
cybercrime_laws,case_law,Full Document,https://indiankanoon.org/doc/72815254/,indiankanoon,html,cybercrime;legal
cybercrime_laws,case_law,Full Document,https://indiankanoon.org/doc/92009411/,indiankanoon,html,cybercrime;legal
cybercrime_laws,case_law,Full Document,https://indiankanoon.org/doc/186016865/,indiankanoon,html,cybercrime;legal
cybercrime_laws,case_law,Full Document,https://indiankanoon.org/doc/177237839/,indiankanoon,html,cybercrime;legal
cybercrime_laws,case_law,Full Document,https://indiankanoon.org/doc/1997940/,indiankanoon,html,cybercrime;legal
cybercrime_laws,case_law,Full Document,https://indiankanoon.org/doc/161654059/,indiankanoon,html,cybercrime;legal
cybercrime_laws,case_law,Full Document,https://indiankanoon.org/doc/173897744/,indiankanoon,html,cybercrime;legal
cybercrime_laws,case_law,Full Document,https://indiankanoon.org/doc/8075629/,indiankanoon,html,cybercrime;legal
cybercrime_laws,case_law,Full Document,https://indiankanoon.org/doc/13583100/,indiankanoon,html,cybercrime;legal
cybercrime_laws,case_law,Full Document,https://indiankanoon.org/doc/11008061/,indiankanoon,html,cybercrime;legal
cybercrime_laws,case_law,Full Document,https://indiankanoon.org/doc/114927394/,indiankanoon,html,cybercrime;legal
cybercrime_laws,case_law,Full Document,https://indiankanoon.org/doc/175977239/,indiankanoon,html,cybercrime;legal
cybercrime_laws,case_law,Full Document,https://indiankanoon.org/doc/182773147/,indiankanoon,html,cybercrime;legal
cybercrime_laws,case_law,Full Document,https://indiankanoon.org/doc/1689797/,indiankanoon,html,cybercrime;legal
cybercrime_laws,case_law,Full Document,https://indiankanoon.org/doc/168063795/,indiankanoon,html,cybercrime;legal
cybercrime_laws,case_law,Full Document,https://indiankanoon.org/doc/133859037/,indiankanoon,html,cybercrime;legal
cybercrime_laws,case_law,Full Document,https://indiankanoon.org/doc/179788397/,indiankanoon,html,cybercrime;legal
cybercrime_laws,case_law,Full Document,https://indiankanoon.org/doc/60409774/,indiankanoon,html,cybercrime;legal
cybercrime_laws,case_law,Full Document,https://indiankanoon.org/doc/89335853/,indiankanoon,html,cybercrime;legal
cybercrime_laws,case_law,Full Document,https://indiankanoon.org/doc/140152289/,indiankanoon,html,cybercrime;legal
cybercrime_laws,case_law,Full Document,https://indiankanoon.org/doc/156623649/,indiankanoon,html,cybercrime;legal
cybercrime_laws,case_law,Full Document,https://indiankanoon.org/doc/67427333/,indiankanoon,html,cybercrime;legal
cybercrime_laws,case_law,Full Document,https://indiankanoon.org/doc/119771594/,indiankanoon,html,cybercrime;legal
cybercrime_laws,case_law,Full Document,https://indiankanoon.org/doc/92093399/,indiankanoon,html,cybercrime;legal
cybercrime_laws,case_law,Full Document,https://indiankanoon.org/doc/152889627/,indiankanoon,html,cybercrime;legal
cybercrime_laws,case_law,Full Document,https://indiankanoon.org/doc/185524068/,indiankanoon,html,cybercrime;legal
cybercrime_laws,case_law,Full Document,https://indiankanoon.org/doc/104859936/,indiankanoon,html,cybercrime;legal
cybercrime_laws,case_law,Full Document,https://indiankanoon.org/doc/80878602/,indiankanoon,html,cybercrime;legal
cybercrime_laws,case_law,Full Document,https://indiankanoon.org/doc/88738725/,indiankanoon,html,cybercrime;legal
cybercrime_laws,case_law,Full Document,https://indiankanoon.org/doc/174891197/,indiankanoon,html,cybercrime;legal
cybercrime_laws,case_law,Full Document,https://indiankanoon.org/doc/1901058/,indiankanoon,html,cybercrime;legal
cybercrime_laws,case_law,Full Document,https://indiankanoon.org/doc/53841985/,indiankanoon,html,cybercrime;legal
cybercrime_laws,case_law,Full Document,https://indiankanoon.org/doc/174392444/,indiankanoon,html,cybercrime;legal
cybercrime_laws,case_law,Full Document,https://indiankanoon.org/doc/94053395/,indiankanoon,html,cybercrime;legal
cybercrime_laws,case_law,Full Document,https://indiankanoon.org/doc/99875396/,indiankanoon,html,cybercrime;legal
cybercrime_laws,case_law,Full Document,https://indiankanoon.org/doc/88360982/,indiankanoon,html,cybercrime;legal
cybercrime_laws,case_law,Full Document,https://indiankanoon.org/doc/76965619/,indiankanoon,html,cybercrime;legal
cybercrime_laws,case_law,Full Document,https://indiankanoon.org/doc/63997770/,indiankanoon,html,cybercrime;legal
cybercrime_laws,case_law,Full Document,https://indiankanoon.org/doc/93578593/,indiankanoon,html,cybercrime;legal
cybercrime_laws,case_law,Full Document,https://indiankanoon.org/doc/25299874/,indiankanoon,html,cybercrime;legal
cybercrime_laws,case_law,Full Document,https://indiankanoon.org/doc/156047257/,indiankanoon,html,cybercrime;legal
cybercrime_laws,case_law,Full Document,https://indiankanoon.org/doc/191375057/,indiankanoon,html,cybercrime;legal
cybercrime_laws,case_law,Full Document,https://indiankanoon.org/doc/63084991/,indiankanoon,html,cybercrime;legal
cybercrime_laws,case_law,Full Document,https://indiankanoon.org/doc/10042958/,indiankanoon,html,cybercrime;legal
cybercrime_laws,case_law,Full Document,https://indiankanoon.org/doc/145385598/,indiankanoon,html,cybercrime;legal
cybercrime_laws,case_law,Full Document,https://indiankanoon.org/doc/48345973/,indiankanoon,html,cybercrime;legal
cybercrime_laws,case_law,Full Document,https://indiankanoon.org/doc/125921697/,indiankanoon,html,cybercrime;legal
cybercrime_laws,case_law,Full Document,https://indiankanoon.org/doc/69140917/,indiankanoon,html,cybercrime;legal
cybercrime_laws,case_law,Full Document,https://indiankanoon.org/doc/29097274/,indiankanoon,html,cybercrime;legal
cybercrime_laws,case_law,Full Document,https://indiankanoon.org/doc/84772710/,indiankanoon,html,cybercrime;legal
cybercrime_laws,case_law,Full Document,https://indiankanoon.org/doc/32890712/,indiankanoon,html,cybercrime;legal
cybercrime_laws,case_law,Full Document,https://indiankanoon.org/doc/68413051/,indiankanoon,html,cybercrime;legal
cybercrime_laws,case_law,Full Document,https://indiankanoon.org/doc/187758830/,indiankanoon,html,cybercrime;legal
cybercrime_laws,case_law,Full Document,https://indiankanoon.org/doc/18002127/,indiankanoon,html,cybercrime;legal
cybercrime_laws,case_law,Full Document,https://indiankanoon.org/doc/162211109/,indiankanoon,html,cybercrime;legal
cybercrime_laws,case_law,Full Document,https://indiankanoon.org/doc/31985643/,indiankanoon,html,cybercrime;legal
cybercrime_laws,case_law,Full Document,https://indiankanoon.org/doc/173462846/,indiankanoon,html,cybercrime;legal
cybercrime_laws,case_law,Full Document,https://indiankanoon.org/doc/141233600/,indiankanoon,html,cybercrime;legal
cybercrime_laws,case_law,Full Document,https://indiankanoon.org/doc/42587172/,indiankanoon,html,cybercrime;legal
cybercrime_laws,case_law,Full Document,https://indiankanoon.org/doc/21366357/,indiankanoon,html,cybercrime;legal
cybercrime_laws,case_law,Full Document,https://indiankanoon.org/doc/62956986/,indiankanoon,html,cybercrime;legal
cybercrime_laws,case_law,"Section 66C in The Information Technology Act , 2000",https://indiankanoon.org/doc/118912881/,indiankanoon,html,cybercrime;legal
cybercrime_laws,case_law,Full Document,https://indiankanoon.org/doc/189983249/,indiankanoon,html,cybercrime;legal
cybercrime_laws,case_law,Full Document,https://indiankanoon.org/doc/41057769/,indiankanoon,html,cybercrime;legal
cybercrime_laws,case_law,Full Document,https://indiankanoon.org/doc/118066973/,indiankanoon,html,cybercrime;legal
cybercrime_laws,case_law,Full Document,https://indiankanoon.org/doc/122038159/,indiankanoon,html,cybercrime;legal
cybercrime_laws,case_law,Full Document,https://indiankanoon.org/doc/199937255/,indiankanoon,html,cybercrime;legal
cybercrime_laws,case_law,Full Document,https://indiankanoon.org/doc/173392520/,indiankanoon,html,cybercrime;legal
cybercrime_laws,case_law,Full Document,https://indiankanoon.org/doc/67206162/,indiankanoon,html,cybercrime;legal
cybercrime_laws,case_law,Full Document,https://indiankanoon.org/doc/118696796/,indiankanoon,html,cybercrime;legal
cybercrime_laws,case_law,Full Document,https://indiankanoon.org/doc/125076821/,indiankanoon,html,cybercrime;legal
cybercrime_laws,case_law,Full Document,https://indiankanoon.org/doc/24793122/,indiankanoon,html,cybercrime;legal
cybercrime_laws,case_law,Full Document,https://indiankanoon.org/doc/65481493/,indiankanoon,html,cybercrime;legal
cybercrime_laws,case_law,Full Document,https://indiankanoon.org/doc/15282837/,indiankanoon,html,cybercrime;legal
cybercrime_laws,case_law,Full Document,https://indiankanoon.org/doc/157922480/,indiankanoon,html,cybercrime;legal
cybercrime_laws,case_law,Full Document,https://indiankanoon.org/doc/58848407/,indiankanoon,html,cybercrime;legal
cybercrime_laws,case_law,Full Document,https://indiankanoon.org/doc/108679022/,indiankanoon,html,cybercrime;legal
cybercrime_laws,case_law,Full Document,https://indiankanoon.org/doc/26854426/,indiankanoon,html,cybercrime;legal
cybercrime_laws,case_law,Full Document,https://indiankanoon.org/doc/25880836/,indiankanoon,html,cybercrime;legal
cybercrime_laws,case_law,Full Document,https://indiankanoon.org/doc/59262639/,indiankanoon,html,cybercrime;legal
cybercrime_laws,case_law,Full Document,https://indiankanoon.org/doc/97813423/,indiankanoon,html,cybercrime;legal
cybercrime_laws,case_law,Full Document,https://indiankanoon.org/doc/29600722/,indiankanoon,html,cybercrime;legal
cybercrime_laws,case_law,Full Document,https://indiankanoon.org/doc/144118539/,indiankanoon,html,cybercrime;legal
cybercrime_laws,case_law,Full Document,https://indiankanoon.org/doc/44397874/,indiankanoon,html,cybercrime;legal
cybercrime_laws,case_law,Full Document,https://indiankanoon.org/doc/58076641/,indiankanoon,html,cybercrime;legal
cybercrime_laws,case_law,Full Document,https://indiankanoon.org/doc/92697213/,indiankanoon,html,cybercrime;legal
cybercrime_laws,case_law,Full Document,https://indiankanoon.org/doc/121079450/,indiankanoon,html,cybercrime;legal
cybercrime_laws,case_law,Full Document,https://indiankanoon.org/doc/103123367/,indiankanoon,html,cybercrime;legal
cybercrime_laws,case_law,Full Document,https://indiankanoon.org/doc/141030627/,indiankanoon,html,cybercrime;legal
cybercrime_laws,case_law,Full Document,https://indiankanoon.org/doc/174078613/,indiankanoon,html,cybercrime;legal
cybercrime_laws,case_law,Full Document,https://indiankanoon.org/doc/79551006/,indiankanoon,html,cybercrime;legal
cybercrime_laws,case_law,Full Document,https://indiankanoon.org/doc/141752158/,indiankanoon,html,cybercrime;legal
cybercrime_laws,case_law,Full Document,https://indiankanoon.org/doc/81683741/,indiankanoon,html,cybercrime;legal
cybercrime_laws,case_law,Full Document,https://indiankanoon.org/doc/81982767/,indiankanoon,html,cybercrime;legal
cybercrime_laws,case_law,Full Document,https://indiankanoon.org/doc/99586733/,indiankanoon,html,cybercrime;legal
cybercrime_laws,case_law,Full Document,https://indiankanoon.org/doc/184944310/,indiankanoon,html,cybercrime;legal
cybercrime_laws,case_law,Full Document,https://indiankanoon.org/doc/94678952/,indiankanoon,html,cybercrime;legal
cybercrime_laws,case_law,Full Document,https://indiankanoon.org/doc/126000070/,indiankanoon,html,cybercrime;legal
cybercrime_laws,case_law,Full Document,https://indiankanoon.org/doc/47206712/,indiankanoon,html,cybercrime;legal
cybercrime_laws,case_law,"Section 66D in The Information Technology Act , 2000",https://indiankanoon.org/doc/121790054/,indiankanoon,html,cybercrime;legal
cybercrime_laws,case_law,Full Document,https://indiankanoon.org/doc/118737096/,indiankanoon,html,cybercrime;legal
cybercrime_laws,case_law,Full Document,https://indiankanoon.org/doc/55444893/,indiankanoon,html,cybercrime;legal
cybercrime_laws,case_law,Full Document,https://indiankanoon.org/doc/112155928/,indiankanoon,html,cybercrime;legal
cybercrime_laws,case_law,Full Document,https://indiankanoon.org/doc/30413817/,indiankanoon,html,cybercrime;legal
cybercrime_laws,case_law,Full Document,https://indiankanoon.org/doc/26815710/,indiankanoon,html,cybercrime;legal
cybercrime_laws,case_law,Full Document,https://indiankanoon.org/doc/7251258/,indiankanoon,html,cybercrime;legal
cybercrime_laws,case_law,Full Document,https://indiankanoon.org/doc/192292075/,indiankanoon,html,cybercrime;legal
cybercrime_laws,case_law,Full Document,https://indiankanoon.org/doc/169274580/,indiankanoon,html,cybercrime;legal
cybercrime_laws,case_law,Full Document,https://indiankanoon.org/doc/128105188/,indiankanoon,html,cybercrime;legal
cybercrime_laws,case_law,Full Document,https://indiankanoon.org/doc/66686765/,indiankanoon,html,cybercrime;legal
cybercrime_laws,case_law,Full Document,https://indiankanoon.org/doc/60753450/,indiankanoon,html,cybercrime;legal
cybercrime_laws,case_law,Full Document,https://indiankanoon.org/doc/188057874/,indiankanoon,html,cybercrime;legal
cybercrime_laws,case_law,Full Document,https://indiankanoon.org/doc/162696836/,indiankanoon,html,cybercrime;legal
cybercrime_laws,case_law,Full Document,https://indiankanoon.org/doc/101241909/,indiankanoon,html,cybercrime;legal
cybercrime_laws,case_law,Full Document,https://indiankanoon.org/doc/31539878/,indiankanoon,html,cybercrime;legal
cybercrime_laws,case_law,Full Document,https://indiankanoon.org/doc/68700595/,indiankanoon,html,cybercrime;legal
cybercrime_laws,case_law,Full Document,https://indiankanoon.org/doc/147870716/,indiankanoon,html,cybercrime;legal
cybercrime_laws,case_law,Full Document,https://indiankanoon.org/doc/109373890/,indiankanoon,html,cybercrime;legal
cybercrime_laws,case_law,Full Document,https://indiankanoon.org/doc/41841306/,indiankanoon,html,cybercrime;legal
cybercrime_laws,case_law,Full Document,https://indiankanoon.org/doc/133853893/,indiankanoon,html,cybercrime;legal
cybercrime_laws,case_law,Full Document,https://indiankanoon.org/doc/33288737/,indiankanoon,html,cybercrime;legal
cybercrime_laws,case_law,Full Document,https://indiankanoon.org/doc/57144340/,indiankanoon,html,cybercrime;legal
cybercrime_laws,case_law,Full Document,https://indiankanoon.org/doc/114002716/,indiankanoon,html,cybercrime;legal
cybercrime_laws,case_law,Full Document,https://indiankanoon.org/doc/36068653/,indiankanoon,html,cybercrime;legal
cybercrime_laws,case_law,Full Document,https://indiankanoon.org/doc/167657172/,indiankanoon,html,cybercrime;legal
cybercrime_laws,case_law,Full Document,https://indiankanoon.org/doc/145356821/,indiankanoon,html,cybercrime;legal
cybercrime_laws,case_law,Full Document,https://indiankanoon.org/doc/119255065/,indiankanoon,html,cybercrime;legal
cybercrime_laws,case_law,Full Document,https://indiankanoon.org/doc/141015126/,indiankanoon,html,cybercrime;legal
cybercrime_laws,case_law,Full Document,https://indiankanoon.org/doc/60400313/,indiankanoon,html,cybercrime;legal
cybercrime_laws,case_law,Full Document,https://indiankanoon.org/doc/125601408/,indiankanoon,html,cybercrime;legal
cybercrime_laws,case_law,Full Document,https://indiankanoon.org/doc/30322954/,indiankanoon,html,cybercrime;legal
cybercrime_laws,case_law,Full Document,https://indiankanoon.org/doc/1956872/,indiankanoon,html,cybercrime;legal
cybercrime_laws,case_law,Full Document,https://indiankanoon.org/doc/140530373/,indiankanoon,html,cybercrime;legal
cybercrime_laws,case_law,Full Document,https://indiankanoon.org/doc/110897141/,indiankanoon,html,cybercrime;legal
cybercrime_laws,case_law,Full Document,https://indiankanoon.org/doc/149344719/,indiankanoon,html,cybercrime;legal
cybercrime_laws,case_law,Full Document,https://indiankanoon.org/doc/51467740/,indiankanoon,html,cybercrime;legal
cybercrime_laws,case_law,Full Document,https://indiankanoon.org/doc/109679824/,indiankanoon,html,cybercrime;legal
cybercrime_laws,case_law,Full Document,https://indiankanoon.org/doc/133387664/,indiankanoon,html,cybercrime;legal
cybercrime_laws,case_law,Full Document,https://indiankanoon.org/doc/116523768/,indiankanoon,html,cybercrime;legal
cybercrime_laws,case_law,"Section 66E in The Information Technology Act , 2000",https://indiankanoon.org/doc/112223967/,indiankanoon,html,cybercrime;legal
cybercrime_laws,case_law,Full Document,https://indiankanoon.org/doc/185973783/,indiankanoon,html,cybercrime;legal
cybercrime_laws,case_law,Full Document,https://indiankanoon.org/doc/149383793/,indiankanoon,html,cybercrime;legal
cybercrime_laws,case_law,Full Document,https://indiankanoon.org/doc/90612315/,indiankanoon,html,cybercrime;legal
cybercrime_laws,case_law,Full Document,https://indiankanoon.org/doc/12271389/,indiankanoon,html,cybercrime;legal
cybercrime_laws,case_law,Full Document,https://indiankanoon.org/doc/2022548/,indiankanoon,html,cybercrime;legal
cybercrime_laws,case_law,Full Document,https://indiankanoon.org/doc/28292883/,indiankanoon,html,cybercrime;legal
cybercrime_laws,case_law,Full Document,https://indiankanoon.org/doc/107006631/,indiankanoon,html,cybercrime;legal
cybercrime_laws,case_law,Full Document,https://indiankanoon.org/doc/139062267/,indiankanoon,html,cybercrime;legal
cybercrime_laws,case_law,Full Document,https://indiankanoon.org/doc/22635004/,indiankanoon,html,cybercrime;legal
cybercrime_laws,case_law,Full Document,https://indiankanoon.org/doc/100403504/,indiankanoon,html,cybercrime;legal
cybercrime_laws,case_law,Full Document,https://indiankanoon.org/doc/154244577/,indiankanoon,html,cybercrime;legal
cybercrime_laws,case_law,Full Document,https://indiankanoon.org/doc/5986731/,indiankanoon,html,cybercrime;legal
cybercrime_laws,case_law,Full Document,https://indiankanoon.org/doc/86356514/,indiankanoon,html,cybercrime;legal
cybercrime_laws,case_law,Full Document,https://indiankanoon.org/doc/184730935/,indiankanoon,html,cybercrime;legal
cybercrime_laws,case_law,Full Document,https://indiankanoon.org/doc/36828447/,indiankanoon,html,cybercrime;legal
cybercrime_laws,case_law,Full Document,https://indiankanoon.org/doc/53346559/,indiankanoon,html,cybercrime;legal
cybercrime_laws,case_law,Full Document,https://indiankanoon.org/doc/141086345/,indiankanoon,html,cybercrime;legal
cybercrime_laws,case_law,Full Document,https://indiankanoon.org/doc/139514028/,indiankanoon,html,cybercrime;legal
cybercrime_laws,case_law,Full Document,https://indiankanoon.org/doc/135755996/,indiankanoon,html,cybercrime;legal
cybercrime_laws,case_law,Full Document,https://indiankanoon.org/doc/47230735/,indiankanoon,html,cybercrime;legal
cybercrime_laws,case_law,Full Document,https://indiankanoon.org/doc/67639853/,indiankanoon,html,cybercrime;legal
cybercrime_laws,case_law,Full Document,https://indiankanoon.org/doc/41102708/,indiankanoon,html,cybercrime;legal
cybercrime_laws,case_law,Full Document,https://indiankanoon.org/doc/78645801/,indiankanoon,html,cybercrime;legal
cybercrime_laws,case_law,Full Document,https://indiankanoon.org/doc/143300742/,indiankanoon,html,cybercrime;legal
cybercrime_laws,case_law,Full Document,https://indiankanoon.org/doc/38777109/,indiankanoon,html,cybercrime;legal
cybercrime_laws,case_law,Full Document,https://indiankanoon.org/doc/110450449/,indiankanoon,html,cybercrime;legal
cybercrime_laws,case_law,Full Document,https://indiankanoon.org/doc/31291090/,indiankanoon,html,cybercrime;legal
cybercrime_laws,case_law,Full Document,https://indiankanoon.org/doc/150388415/,indiankanoon,html,cybercrime;legal
cybercrime_laws,case_law,Full Document,https://indiankanoon.org/doc/139099236/,indiankanoon,html,cybercrime;legal
cybercrime_laws,case_law,Full Document,https://indiankanoon.org/doc/149849427/,indiankanoon,html,cybercrime;legal
cybercrime_laws,case_law,Full Document,https://indiankanoon.org/doc/169438359/,indiankanoon,html,cybercrime;legal
cybercrime_laws,case_law,Full Document,https://indiankanoon.org/doc/2149678/,indiankanoon,html,cybercrime;legal
cybercrime_laws,case_law,Full Document,https://indiankanoon.org/doc/141695031/,indiankanoon,html,cybercrime;legal
cybercrime_laws,case_law,Full Document,https://indiankanoon.org/doc/111115904/,indiankanoon,html,cybercrime;legal
cybercrime_laws,case_law,Full Document,https://indiankanoon.org/doc/176507450/,indiankanoon,html,cybercrime;legal
cybercrime_laws,case_law,Full Document,https://indiankanoon.org/doc/74048205/,indiankanoon,html,cybercrime;legal
cybercrime_laws,case_law,Full Document,https://indiankanoon.org/doc/67621430/,indiankanoon,html,cybercrime;legal
cybercrime_laws,case_law,Full Document,https://indiankanoon.org/doc/96043605/,indiankanoon,html,cybercrime;legal
cybercrime_laws,case_law,Full Document,https://indiankanoon.org/doc/22408294/,indiankanoon,html,cybercrime;legal
cybercrime_laws,case_law,Full Document,https://indiankanoon.org/doc/6423127/,indiankanoon,html,cybercrime;legal
cybercrime_laws,case_law,Full Document,https://indiankanoon.org/doc/146473735/,indiankanoon,html,cybercrime;legal
cybercrime_laws,case_law,Full Document,https://indiankanoon.org/doc/42738548/,indiankanoon,html,cybercrime;legal
cybercrime_laws,case_law,Full Document,https://indiankanoon.org/doc/74557166/,indiankanoon,html,cybercrime;legal
cybercrime_laws,case_law,Full Document,https://indiankanoon.org/doc/81634101/,indiankanoon,html,cybercrime;legal
cybercrime_laws,case_law,Full Document,https://indiankanoon.org/doc/7669070/,indiankanoon,html,cybercrime;legal
cybercrime_laws,case_law,Full Document,https://indiankanoon.org/doc/62140791/,indiankanoon,html,cybercrime;legal
cybercrime_laws,case_law,Full Document,https://indiankanoon.org/doc/56045210/,indiankanoon,html,cybercrime;legal
cybercrime_laws,case_law,Full Document,https://indiankanoon.org/doc/32704940/,indiankanoon,html,cybercrime;legal
cybercrime_laws,case_law,Full Document,https://indiankanoon.org/doc/53558830/,indiankanoon,html,cybercrime;legal
cybercrime_laws,case_law,Full Document,https://indiankanoon.org/doc/110493344/,indiankanoon,html,cybercrime;legal
cybercrime_laws,case_law,Full Document,https://indiankanoon.org/doc/72543035/,indiankanoon,html,cybercrime;legal
cybercrime_laws,case_law,Full Document,https://indiankanoon.org/doc/37068818/,indiankanoon,html,cybercrime;legal
cybercrime_laws,case_law,Full Document,https://indiankanoon.org/doc/92727749/,indiankanoon,html,cybercrime;legal
cybercrime_laws,case_law,Full Document,https://indiankanoon.org/doc/18155518/,indiankanoon,html,cybercrime;legal
cybercrime_laws,case_law,Full Document,https://indiankanoon.org/doc/142662621/,indiankanoon,html,cybercrime;legal
cybercrime_laws,case_law,Full Document,https://indiankanoon.org/doc/198335688/,indiankanoon,html,cybercrime;legal
cybercrime_laws,case_law,Full Document,https://indiankanoon.org/doc/99843668/,indiankanoon,html,cybercrime;legal
cybercrime_laws,case_law,Full Document,https://indiankanoon.org/doc/92497280/,indiankanoon,html,cybercrime;legal
cybercrime_laws,case_law,Full Document,https://indiankanoon.org/doc/79131935/,indiankanoon,html,cybercrime;legal
cybercrime_laws,case_law,Full Document,https://indiankanoon.org/doc/194637164/,indiankanoon,html,cybercrime;legal
cybercrime_laws,case_law,Full Document,https://indiankanoon.org/doc/76751055/,indiankanoon,html,cybercrime;legal
cybercrime_laws,case_law,Full Document,https://indiankanoon.org/doc/122999419/,indiankanoon,html,cybercrime;legal
cybercrime_laws,case_law,Full Document,https://indiankanoon.org/doc/33206690/,indiankanoon,html,cybercrime;legal
cybercrime_laws,case_law,Full Document,https://indiankanoon.org/doc/120139386/,indiankanoon,html,cybercrime;legal
cybercrime_laws,case_law,Full Document,https://indiankanoon.org/doc/88200598/,indiankanoon,html,cybercrime;legal
cybercrime_laws,case_law,Full Document,https://indiankanoon.org/doc/138747017/,indiankanoon,html,cybercrime;legal
cybercrime_laws,case_law,Full Document,https://indiankanoon.org/doc/59463719/,indiankanoon,html,cybercrime;legal
cybercrime_laws,case_law,Full Document,https://indiankanoon.org/doc/150372423/,indiankanoon,html,cybercrime;legal
cybercrime_laws,case_law,Full Document,https://indiankanoon.org/doc/166614123/,indiankanoon,html,cybercrime;legal
cybercrime_laws,case_law,Full Document,https://indiankanoon.org/doc/170731675/,indiankanoon,html,cybercrime;legal
cybercrime_laws,case_law,Full Document,https://indiankanoon.org/doc/130370063/,indiankanoon,html,cybercrime;legal
cybercrime_laws,case_law,Full Document,https://indiankanoon.org/doc/72832667/,indiankanoon,html,cybercrime;legal
cybercrime_laws,case_law,Full Document,https://indiankanoon.org/doc/7599146/,indiankanoon,html,cybercrime;legal
cybercrime_laws,case_law,Full Document,https://indiankanoon.org/doc/88827148/,indiankanoon,html,cybercrime;legal
cybercrime_laws,case_law,Full Document,https://indiankanoon.org/doc/44610758/,indiankanoon,html,cybercrime;legal
cybercrime_laws,case_law,Full Document,https://indiankanoon.org/doc/112654740/,indiankanoon,html,cybercrime;legal
cybercrime_laws,case_law,Full Document,https://indiankanoon.org/doc/153019606/,indiankanoon,html,cybercrime;legal
cybercrime_laws,case_law,Full Document,https://indiankanoon.org/doc/176869705/,indiankanoon,html,cybercrime;legal
cybercrime_laws,case_law,Full Document,https://indiankanoon.org/doc/164275919/,indiankanoon,html,cybercrime;legal
cybercrime_laws,case_law,Full Document,https://indiankanoon.org/doc/69112145/,indiankanoon,html,cybercrime;legal
cybercrime_laws,case_law,Full Document,https://indiankanoon.org/doc/32998406/,indiankanoon,html,cybercrime;legal
cybercrime_laws,case_law,Full Document,https://indiankanoon.org/doc/125850099/,indiankanoon,html,cybercrime;legal
cybercrime_laws,case_law,Full Document,https://indiankanoon.org/doc/79035349/,indiankanoon,html,cybercrime;legal
cybercrime_laws,case_law,Full Document,https://indiankanoon.org/doc/78719946/,indiankanoon,html,cybercrime;legal
cybercrime_laws,case_law,Full Document,https://indiankanoon.org/doc/145759498/,indiankanoon,html,cybercrime;legal
cybercrime_laws,case_law,Full Document,https://indiankanoon.org/doc/166260136/,indiankanoon,html,cybercrime;legal
cybercrime_laws,case_law,"Section 69 in The Information Technology Act , 2000",https://indiankanoon.org/doc/1439440/,indiankanoon,html,cybercrime;legal
cybercrime_laws,case_law,Full Document,https://indiankanoon.org/doc/194770087/,indiankanoon,html,cybercrime;legal
cybercrime_laws,case_law,Full Document,https://indiankanoon.org/doc/21429162/,indiankanoon,html,cybercrime;legal
cybercrime_laws,case_law,Full Document,https://indiankanoon.org/doc/166108431/,indiankanoon,html,cybercrime;legal
cybercrime_laws,case_law,Full Document,https://indiankanoon.org/doc/71919556/,indiankanoon,html,cybercrime;legal
cybercrime_laws,case_law,Full Document,https://indiankanoon.org/doc/51940021/,indiankanoon,html,cybercrime;legal
cybercrime_laws,case_law,Full Document,https://indiankanoon.org/doc/131141238/,indiankanoon,html,cybercrime;legal
cybercrime_laws,case_law,Full Document,https://indiankanoon.org/doc/28444145/,indiankanoon,html,cybercrime;legal
cybercrime_laws,case_law,"Tamil Nadu Value Added Tax Act , 2006",https://indiankanoon.org/doc/41642564/,indiankanoon,html,cybercrime;legal
cybercrime_laws,case_law,Full Document,https://indiankanoon.org/doc/1036814/,indiankanoon,html,cybercrime;legal
cybercrime_laws,case_law,Full Document,https://indiankanoon.org/doc/130517859/,indiankanoon,html,cybercrime;legal
cybercrime_laws,case_law,Full Document,https://indiankanoon.org/doc/7614885/,indiankanoon,html,cybercrime;legal
cybercrime_laws,case_law,Full Document,https://indiankanoon.org/doc/107065690/,indiankanoon,html,cybercrime;legal
cybercrime_laws,case_law,Full Document,https://indiankanoon.org/doc/62708605/,indiankanoon,html,cybercrime;legal
cybercrime_laws,case_law,Full Document,https://indiankanoon.org/doc/93259573/,indiankanoon,html,cybercrime;legal
cybercrime_laws,case_law,Full Document,https://indiankanoon.org/doc/118583700/,indiankanoon,html,cybercrime;legal
cybercrime_laws,case_law,Full Document,https://indiankanoon.org/doc/186611138/,indiankanoon,html,cybercrime;legal
cybercrime_laws,case_law,Full Document,https://indiankanoon.org/doc/196469930/,indiankanoon,html,cybercrime;legal
cybercrime_laws,case_law,Full Document,https://indiankanoon.org/doc/196408377/,indiankanoon,html,cybercrime;legal
cybercrime_laws,case_law,Full Document,https://indiankanoon.org/doc/162677555/,indiankanoon,html,cybercrime;legal
cybercrime_laws,case_law,Full Document,https://indiankanoon.org/doc/22828575/,indiankanoon,html,cybercrime;legal
cybercrime_laws,case_law,Full Document,https://indiankanoon.org/doc/160445675/,indiankanoon,html,cybercrime;legal
cybercrime_laws,case_law,Full Document,https://indiankanoon.org/doc/90934699/,indiankanoon,html,cybercrime;legal
cybercrime_laws,case_law,Full Document,https://indiankanoon.org/doc/141471811/,indiankanoon,html,cybercrime;legal
cybercrime_laws,case_law,Full Document,https://indiankanoon.org/doc/143230819/,indiankanoon,html,cybercrime;legal
cybercrime_laws,case_law,Full Document,https://indiankanoon.org/doc/88731343/,indiankanoon,html,cybercrime;legal
cybercrime_laws,case_law,Full Document,https://indiankanoon.org/doc/34980334/,indiankanoon,html,cybercrime;legal
cybercrime_laws,case_law,Full Document,https://indiankanoon.org/doc/62828041/,indiankanoon,html,cybercrime;legal
cybercrime_laws,case_law,Full Document,https://indiankanoon.org/doc/77248572/,indiankanoon,html,cybercrime;legal
cybercrime_laws,case_law,Full Document,https://indiankanoon.org/doc/45226584/,indiankanoon,html,cybercrime;legal
cybercrime_laws,case_law,Full Document,https://indiankanoon.org/doc/112850760/,indiankanoon,html,cybercrime;legal
cybercrime_laws,case_law,Full Document,https://indiankanoon.org/doc/139734870/,indiankanoon,html,cybercrime;legal
cybercrime_laws,case_law,Full Document,https://indiankanoon.org/doc/595099/,indiankanoon,html,cybercrime;legal
cybercrime_laws,case_law,Full Document,https://indiankanoon.org/doc/63489929/,indiankanoon,html,cybercrime;legal
cybercrime_laws,case_law,Full Document,https://indiankanoon.org/doc/84792457/,indiankanoon,html,cybercrime;legal
cybercrime_laws,case_law,Full Document,https://indiankanoon.org/doc/1390531/,indiankanoon,html,cybercrime;legal
cybercrime_laws,case_law,Full Document,https://indiankanoon.org/doc/135364996/,indiankanoon,html,cybercrime;legal
cybercrime_laws,case_law,Full Document,https://indiankanoon.org/doc/106138032/,indiankanoon,html,cybercrime;legal
cybercrime_laws,case_law,"West Bengal Municipal Act , 1993",https://indiankanoon.org/doc/41779298/,indiankanoon,html,cybercrime;legal
cybercrime_laws,case_law,"The Bihar Municipal Act , 2007",https://indiankanoon.org/doc/125368290/,indiankanoon,html,cybercrime;legal
cybercrime_laws,case_law,"Section 72 in The Information Technology Act , 2000",https://indiankanoon.org/doc/1480903/,indiankanoon,html,cybercrime;legal
cybercrime_laws,case_law,Full Document,https://indiankanoon.org/doc/50795041/,indiankanoon,html,cybercrime;legal
cybercrime_laws,case_law,Full Document,https://indiankanoon.org/doc/1131053/,indiankanoon,html,cybercrime;legal
cybercrime_laws,case_law,Full Document,https://indiankanoon.org/doc/83903680/,indiankanoon,html,cybercrime;legal
cybercrime_laws,case_law,Full Document,https://indiankanoon.org/doc/680703/,indiankanoon,html,cybercrime;legal
cybercrime_laws,case_law,Full Document,https://indiankanoon.org/doc/14726377/,indiankanoon,html,cybercrime;legal
cybercrime_laws,case_law,Full Document,https://indiankanoon.org/doc/143295410/,indiankanoon,html,cybercrime;legal
cybercrime_laws,case_law,Full Document,https://indiankanoon.org/doc/23039307/,indiankanoon,html,cybercrime;legal
cybercrime_laws,case_law,Full Document,https://indiankanoon.org/doc/22108976/,indiankanoon,html,cybercrime;legal
cybercrime_laws,case_law,Full Document,https://indiankanoon.org/doc/164760606/,indiankanoon,html,cybercrime;legal
cybercrime_laws,case_law,Full Document,https://indiankanoon.org/doc/177467791/,indiankanoon,html,cybercrime;legal
cybercrime_laws,case_law,Full Document,https://indiankanoon.org/doc/39479036/,indiankanoon,html,cybercrime;legal
cybercrime_laws,case_law,Full Document,https://indiankanoon.org/doc/173785421/,indiankanoon,html,cybercrime;legal
cybercrime_laws,case_law,Full Document,https://indiankanoon.org/doc/128475000/,indiankanoon,html,cybercrime;legal
cybercrime_laws,case_law,Full Document,https://indiankanoon.org/doc/59497444/,indiankanoon,html,cybercrime;legal
cybercrime_laws,case_law,Full Document,https://indiankanoon.org/doc/17758892/,indiankanoon,html,cybercrime;legal
cybercrime_laws,case_law,Full Document,https://indiankanoon.org/doc/83651147/,indiankanoon,html,cybercrime;legal
cybercrime_laws,case_law,Full Document,https://indiankanoon.org/doc/183382715/,indiankanoon,html,cybercrime;legal
cybercrime_laws,case_law,Full Document,https://indiankanoon.org/doc/61917069/,indiankanoon,html,cybercrime;legal
cybercrime_laws,case_law,Full Document,https://indiankanoon.org/doc/14443045/,indiankanoon,html,cybercrime;legal
cybercrime_laws,case_law,Full Document,https://indiankanoon.org/doc/150700440/,indiankanoon,html,cybercrime;legal
cybercrime_laws,case_law,Full Document,https://indiankanoon.org/doc/13416246/,indiankanoon,html,cybercrime;legal
cybercrime_laws,case_law,Full Document,https://indiankanoon.org/doc/53333120/,indiankanoon,html,cybercrime;legal
cybercrime_laws,case_law,Full Document,https://indiankanoon.org/doc/129316630/,indiankanoon,html,cybercrime;legal
cybercrime_laws,case_law,Full Document,https://indiankanoon.org/doc/192000597/,indiankanoon,html,cybercrime;legal
cybercrime_laws,case_law,Full Document,https://indiankanoon.org/doc/109367250/,indiankanoon,html,cybercrime;legal
cybercrime_laws,case_law,Full Document,https://indiankanoon.org/doc/80535945/,indiankanoon,html,cybercrime;legal
cybercrime_laws,case_law,Full Document,https://indiankanoon.org/doc/197701572/,indiankanoon,html,cybercrime;legal
cybercrime_laws,case_law,Full Document,https://indiankanoon.org/doc/106765572/,indiankanoon,html,cybercrime;legal
cybercrime_laws,case_law,Full Document,https://indiankanoon.org/doc/68352730/,indiankanoon,html,cybercrime;legal
cybercrime_laws,case_law,Full Document,https://indiankanoon.org/doc/8391268/,indiankanoon,html,cybercrime;legal
cybercrime_laws,case_law,Full Document,https://indiankanoon.org/doc/119780830/,indiankanoon,html,cybercrime;legal
cybercrime_laws,case_law,Full Document,https://indiankanoon.org/doc/194757602/,indiankanoon,html,cybercrime;legal
cybercrime_laws,case_law,Full Document,https://indiankanoon.org/doc/101310686/,indiankanoon,html,cybercrime;legal
cybercrime_laws,case_law,Full Document,https://indiankanoon.org/doc/113124923/,indiankanoon,html,cybercrime;legal
cybercrime_laws,case_law,Full Document,https://indiankanoon.org/doc/182814909/,indiankanoon,html,cybercrime;legal
cybercrime_laws,case_law,Full Document,https://indiankanoon.org/doc/32383398/,indiankanoon,html,cybercrime;legal
cybercrime_laws,case_law,Full Document,https://indiankanoon.org/doc/17151795/,indiankanoon,html,cybercrime;legal
cybercrime_laws,case_law,Full Document,https://indiankanoon.org/doc/1596726/,indiankanoon,html,cybercrime;legal
cybercrime_laws,case_law,Full Document,https://indiankanoon.org/doc/192997401/,indiankanoon,html,cybercrime;legal
cybercrime_laws,case_law,Full Document,https://indiankanoon.org/doc/12185532/,indiankanoon,html,cybercrime;legal
cybercrime_laws,case_law,Full Document,https://indiankanoon.org/doc/181970007/,indiankanoon,html,cybercrime;legal
cybercrime_laws,case_law,Full Document,https://indiankanoon.org/doc/156978778/,indiankanoon,html,cybercrime;legal
cybercrime_laws,case_law,Full Document,https://indiankanoon.org/doc/138030326/,indiankanoon,html,cybercrime;legal
cybercrime_laws,case_law,Full Document,https://indiankanoon.org/doc/142043441/,indiankanoon,html,cybercrime;legal
cybercrime_laws,case_law,Full Document,https://indiankanoon.org/doc/143337649/,indiankanoon,html,cybercrime;legal
cybercrime_laws,case_law,Full Document,https://indiankanoon.org/doc/5429070/,indiankanoon,html,cybercrime;legal
cybercrime_laws,case_law,Full Document,https://indiankanoon.org/doc/60625432/,indiankanoon,html,cybercrime;legal
cybercrime_laws,case_law,Full Document,https://indiankanoon.org/doc/85571316/,indiankanoon,html,cybercrime;legal
cybercrime_laws,case_law,Full Document,https://indiankanoon.org/doc/111449445/,indiankanoon,html,cybercrime;legal
cybercrime_laws,case_law,"The Himachal Pradesh Value Added Tax Act , 2005",https://indiankanoon.org/doc/76749171/,indiankanoon,html,cybercrime;legal
cybercrime_laws,case_law,Full Document,https://indiankanoon.org/doc/123238150/,indiankanoon,html,cybercrime;legal
cybercrime_laws,case_law,Full Document,https://indiankanoon.org/doc/12397485/,indiankanoon,html,cybercrime;legal
cybercrime_laws,case_law,Full Document,https://indiankanoon.org/doc/38986681/,indiankanoon,html,cybercrime;legal
cybercrime_laws,case_law,Full Document,https://indiankanoon.org/doc/125036411/,indiankanoon,html,cybercrime;legal
cybercrime_laws,case_law,Full Document,https://indiankanoon.org/doc/1669803/,indiankanoon,html,cybercrime;legal
cybercrime_laws,case_law,Full Document,https://indiankanoon.org/doc/31012763/,indiankanoon,html,cybercrime;legal
cybercrime_laws,case_law,"Jammu and Kashmir Panchayati Raj Act , 1989",https://indiankanoon.org/doc/72841065/,indiankanoon,html,cybercrime;legal
cybercrime_laws,case_law,Full Document,https://indiankanoon.org/doc/179639914/,indiankanoon,html,cybercrime;legal
cybercrime_laws,case_law,Full Document,https://indiankanoon.org/doc/125072677/,indiankanoon,html,cybercrime;legal
cybercrime_laws,case_law,Full Document,https://indiankanoon.org/doc/139659777/,indiankanoon,html,cybercrime;legal
cybercrime_laws,case_law,Full Document,https://indiankanoon.org/doc/21851389/,indiankanoon,html,cybercrime;legal
cybercrime_laws,case_law,Full Document,https://indiankanoon.org/doc/47283167/,indiankanoon,html,cybercrime;legal
cybercrime_laws,case_law,Full Document,https://indiankanoon.org/doc/13440621/,indiankanoon,html,cybercrime;legal
cybercrime_laws,case_law,Full Document,https://indiankanoon.org/doc/44225784/,indiankanoon,html,cybercrime;legal
cybercrime_laws,case_law,Full Document,https://indiankanoon.org/doc/171254737/,indiankanoon,html,cybercrime;legal
cybercrime_laws,case_law,Full Document,https://indiankanoon.org/doc/30170031/,indiankanoon,html,cybercrime;legal
cybercrime_laws,case_law,Full Document,https://indiankanoon.org/doc/78300538/,indiankanoon,html,cybercrime;legal
cybercrime_laws,case_law,Full Document,https://indiankanoon.org/doc/89075605/,indiankanoon,html,cybercrime;legal
cybercrime_laws,case_law,Full Document,https://indiankanoon.org/doc/95196559/,indiankanoon,html,cybercrime;legal
cybercrime_laws,case_law,Full Document,https://indiankanoon.org/doc/55486321/,indiankanoon,html,cybercrime;legal
cybercrime_laws,case_law,Full Document,https://indiankanoon.org/doc/168431356/,indiankanoon,html,cybercrime;legal
cybercrime_laws,case_law,Full Document,https://indiankanoon.org/doc/156287431/,indiankanoon,html,cybercrime;legal
cybercrime_laws,case_law,Full Document,https://indiankanoon.org/doc/70533302/,indiankanoon,html,cybercrime;legal
cybercrime_laws,case_law,Full Document,https://indiankanoon.org/doc/185867058/,indiankanoon,html,cybercrime;legal
cybercrime_laws,case_law,Full Document,https://indiankanoon.org/doc/8407299/,indiankanoon,html,cybercrime;legal
cybercrime_laws,case_law,Full Document,https://indiankanoon.org/doc/123675669/,indiankanoon,html,cybercrime;legal
cybercrime_laws,case_law,Full Document,https://indiankanoon.org/doc/1432469/,indiankanoon,html,cybercrime;legal
cybercrime_laws,case_law,Full Document,https://indiankanoon.org/doc/183541353/,indiankanoon,html,cybercrime;legal
cybercrime_laws,case_law,Full Document,https://indiankanoon.org/doc/109389037/,indiankanoon,html,cybercrime;legal
cybercrime_laws,case_law,Full Document,https://indiankanoon.org/doc/64650811/,indiankanoon,html,cybercrime;legal
cybercrime_laws,case_law,Full Document,https://indiankanoon.org/doc/198637619/,indiankanoon,html,cybercrime;legal
cybercrime_laws,case_law,Full Document,https://indiankanoon.org/doc/113671522/,indiankanoon,html,cybercrime;legal
cybercrime_laws,case_law,Full Document,https://indiankanoon.org/doc/59777789/,indiankanoon,html,cybercrime;legal
cybercrime_laws,case_law,Full Document,https://indiankanoon.org/doc/67458065/,indiankanoon,html,cybercrime;legal
cybercrime_laws,case_law,Full Document,https://indiankanoon.org/doc/796878/,indiankanoon,html,cybercrime;legal
cybercrime_laws,case_law,Full Document,https://indiankanoon.org/doc/16571234/,indiankanoon,html,cybercrime;legal
cybercrime_laws,case_law,Full Document,https://indiankanoon.org/doc/1915848/,indiankanoon,html,cybercrime;legal
cybercrime_laws,case_law,Full Document,https://indiankanoon.org/doc/839309/,indiankanoon,html,cybercrime;legal
cybercrime_laws,case_law,Full Document,https://indiankanoon.org/doc/144566572/,indiankanoon,html,cybercrime;legal
cybercrime_laws,case_law,Full Document,https://indiankanoon.org/doc/168199343/,indiankanoon,html,cybercrime;legal
cybercrime_laws,case_law,Full Document,https://indiankanoon.org/doc/157198162/,indiankanoon,html,cybercrime;legal
cybercrime_laws,case_law,Full Document,https://indiankanoon.org/doc/56688254/,indiankanoon,html,cybercrime;legal
cybercrime_laws,case_law,Full Document,https://indiankanoon.org/doc/97029452/,indiankanoon,html,cybercrime;legal
cybercrime_laws,case_law,Full Document,https://indiankanoon.org/doc/48186346/,indiankanoon,html,cybercrime;legal
cybercrime_laws,case_law,Full Document,https://indiankanoon.org/doc/58215767/,indiankanoon,html,cybercrime;legal
cybercrime_laws,case_law,Full Document,https://indiankanoon.org/doc/130613643/,indiankanoon,html,cybercrime;legal
cybercrime_laws,case_law,Full Document,https://indiankanoon.org/doc/67521168/,indiankanoon,html,cybercrime;legal
cybercrime_laws,case_law,Full Document,https://indiankanoon.org/doc/61009616/,indiankanoon,html,cybercrime;legal
cybercrime_laws,case_law,Full Document,https://indiankanoon.org/doc/25502624/,indiankanoon,html,cybercrime;legal
cybercrime_laws,case_law,Full Document,https://indiankanoon.org/doc/105181812/,indiankanoon,html,cybercrime;legal
cybercrime_laws,case_law,Full Document,https://indiankanoon.org/doc/99215846/,indiankanoon,html,cybercrime;legal
cybercrime_laws,case_law,Full Document,https://indiankanoon.org/doc/108355741/,indiankanoon,html,cybercrime;legal
cybercrime_laws,case_law,Full Document,https://indiankanoon.org/doc/162643059/,indiankanoon,html,cybercrime;legal
cybercrime_laws,case_law,Full Document,https://indiankanoon.org/doc/600074/,indiankanoon,html,cybercrime;legal
cybercrime_laws,case_law,Full Document,https://indiankanoon.org/doc/160767706/,indiankanoon,html,cybercrime;legal
cybercrime_laws,case_law,Full Document,https://indiankanoon.org/doc/115038488/,indiankanoon,html,cybercrime;legal
cybercrime_laws,case_law,Full Document,https://indiankanoon.org/doc/98815153/,indiankanoon,html,cybercrime;legal
cybercrime_laws,case_law,Full Document,https://indiankanoon.org/doc/38695930/,indiankanoon,html,cybercrime;legal
cybercrime_laws,case_law,Full Document,https://indiankanoon.org/doc/1467851/,indiankanoon,html,cybercrime;legal
cybercrime_laws,case_law,Full Document,https://indiankanoon.org/doc/38558186/,indiankanoon,html,cybercrime;legal
cybercrime_laws,case_law,Full Document,https://indiankanoon.org/doc/43943938/,indiankanoon,html,cybercrime;legal
cybercrime_laws,case_law,Full Document,https://indiankanoon.org/doc/5525153/,indiankanoon,html,cybercrime;legal
cybercrime_laws,case_law,Full Document,https://indiankanoon.org/doc/167659323/,indiankanoon,html,cybercrime;legal
cybercrime_laws,case_law,Full Document,https://indiankanoon.org/doc/95855360/,indiankanoon,html,cybercrime;legal
cybercrime_laws,case_law,Full Document,https://indiankanoon.org/doc/195850564/,indiankanoon,html,cybercrime;legal
cybercrime_laws,case_law,Full Document,https://indiankanoon.org/doc/187283766/,indiankanoon,html,cybercrime;legal
cybercrime_laws,case_law,Full Document,https://indiankanoon.org/doc/172105947/,indiankanoon,html,cybercrime;legal
cybercrime_laws,case_law,Full Document,https://indiankanoon.org/doc/187651305/,indiankanoon,html,cybercrime;legal
cybercrime_laws,case_law,Full Document,https://indiankanoon.org/doc/157261512/,indiankanoon,html,cybercrime;legal
cybercrime_laws,case_law,Full Document,https://indiankanoon.org/doc/170358813/,indiankanoon,html,cybercrime;legal
cybercrime_laws,case_law,Full Document,https://indiankanoon.org/doc/168875279/,indiankanoon,html,cybercrime;legal
cybercrime_laws,case_law,Full Document,https://indiankanoon.org/doc/20756070/,indiankanoon,html,cybercrime;legal
cybercrime_laws,case_law,Full Document,https://indiankanoon.org/doc/193504126/,indiankanoon,html,cybercrime;legal
cybercrime_laws,case_law,Full Document,https://indiankanoon.org/doc/124083449/,indiankanoon,html,cybercrime;legal
cybercrime_laws,case_law,Full Document,https://indiankanoon.org/doc/13471660/,indiankanoon,html,cybercrime;legal
cybercrime_laws,case_law,Full Document,https://indiankanoon.org/doc/10643373/,indiankanoon,html,cybercrime;legal
cybercrime_laws,case_law,Full Document,https://indiankanoon.org/doc/102000262/,indiankanoon,html,cybercrime;legal
cybercrime_laws,case_law,Full Document,https://indiankanoon.org/doc/186617039/,indiankanoon,html,cybercrime;legal
cybercrime_laws,case_law,Full Document,https://indiankanoon.org/doc/194322319/,indiankanoon,html,cybercrime;legal
cybercrime_laws,case_law,"Section 67 in The Indian Evidence Act , 1872",https://indiankanoon.org/doc/884542/,indiankanoon,html,cybercrime;legal
cybercrime_laws,case_law,Full Document,https://indiankanoon.org/doc/36027052/,indiankanoon,html,cybercrime;legal
cybercrime_laws,case_law,Full Document,https://indiankanoon.org/doc/73650331/,indiankanoon,html,cybercrime;legal
cybercrime_laws,case_law,Full Document,https://indiankanoon.org/doc/115913478/,indiankanoon,html,cybercrime;legal
cybercrime_laws,case_law,Full Document,https://indiankanoon.org/doc/62631003/,indiankanoon,html,cybercrime;legal
cybercrime_laws,case_law,Full Document,https://indiankanoon.org/doc/3896142/,indiankanoon,html,cybercrime;legal
cybercrime_laws,case_law,Full Document,https://indiankanoon.org/doc/369454/,indiankanoon,html,cybercrime;legal
cybercrime_laws,case_law,Full Document,https://indiankanoon.org/doc/777284/,indiankanoon,html,cybercrime;legal
cybercrime_laws,case_law,Full Document,https://indiankanoon.org/doc/165750198/,indiankanoon,html,cybercrime;legal
cybercrime_laws,case_law,Full Document,https://indiankanoon.org/doc/43025115/,indiankanoon,html,cybercrime;legal
cybercrime_laws,case_law,Full Document,https://indiankanoon.org/doc/75147029/,indiankanoon,html,cybercrime;legal
cybercrime_laws,case_law,Full Document,https://indiankanoon.org/doc/45026421/,indiankanoon,html,cybercrime;legal
cybercrime_laws,case_law,Full Document,https://indiankanoon.org/doc/131442842/,indiankanoon,html,cybercrime;legal
cybercrime_laws,case_law,Full Document,https://indiankanoon.org/doc/83291566/,indiankanoon,html,cybercrime;legal
cybercrime_laws,case_law,Full Document,https://indiankanoon.org/doc/92628604/,indiankanoon,html,cybercrime;legal
cybercrime_laws,case_law,Full Document,https://indiankanoon.org/doc/4457509/,indiankanoon,html,cybercrime;legal
cybercrime_laws,case_law,Full Document,https://indiankanoon.org/doc/27522332/,indiankanoon,html,cybercrime;legal
cybercrime_laws,case_law,Full Document,https://indiankanoon.org/doc/21545211/,indiankanoon,html,cybercrime;legal
cybercrime_laws,case_law,Full Document,https://indiankanoon.org/doc/106191063/,indiankanoon,html,cybercrime;legal
cybercrime_laws,case_law,Full Document,https://indiankanoon.org/doc/143800297/,indiankanoon,html,cybercrime;legal
cybercrime_laws,case_law,Full Document,https://indiankanoon.org/doc/10755092/,indiankanoon,html,cybercrime;legal
